2300-0-Midnight-M,A14-300
2300-0-Blush Pink-XS,A14-503
9900-6-Copper Rose Dot-M,A22-302
9900-6-Indigo Dot-XL,A22-404
9900-6-Indigo Dot-XL,A22-404
7009-6-Copper Rose Dot-S,A24-301
5400-9-Grey-S,A27-301
5400-6-Copper Rose-XL,A29-204
5400-6-Copper Rose-XL,A29-204
5400-2-Indigo-XL,A30-404
5400-2-Indigo-XL,A30-404
5400-2-Indigo-2X-3X,A30-405
5620-8-Indigo-L,A31-403
1490-0-Black-XL,A31-501
1490-0-Black-XL,A31-501
2300-2-Indigo White-2X-3X,A32-405
33620-8-Copper Rose-M,A33-102
8300-Light Blue-XS,B27-304
8300-Light Pink-XS,B27-404
8900-8-Fig-2X-3X,B28-401
8900-8-Midnight-S,B28-405
8618-Heather Black-S-M,B29-304
5200-9-Black-M,C13-301
5200-9-Black-S,C13-404
5200-2-Almond-XS,C29-200
1300-Heather Blush Pink-OSFM,C31-301
1300-Heather Coco-OSFM,C31-303
8800-Heather Spring Lake-XS,#N/A
#N/A,#N/A
#N/A,#N/A
#N/A,#N/A
#N/A,#N/A
#N/A,#N/A
#N/A,#N/A
#N/A,#N/A
#N/A,#N/A
#N/A,#N/A
#N/A,#N/A
#N/A,#N/A
#N/A,#N/A
#N/A,#N/A
#N/A,#N/A
#N/A,#N/A
#N/A,#N/A
#N/A,#N/A
#N/A,#N/A
#N/A,#N/A
#N/A,#N/A
#N/A,#N/A
#N/A,#N/A
#N/A,#N/A
#N/A,#N/A
#N/A,#N/A
#N/A,#N/A
#N/A,#N/A
#N/A,#N/A
#N/A,#N/A
#N/A,#N/A
#N/A,#N/A
#N/A,#N/A
#N/A,#N/A
#N/A,#N/A
#N/A,#N/A
#N/A,#N/A
#N/A,#N/A
#N/A,#N/A
#N/A,#N/A
#N/A,#N/A
#N/A,#N/A
#N/A,#N/A
#N/A,#N/A
#N/A,#N/A
#N/A,#N/A
#N/A,#N/A
#N/A,#N/A
#N/A,#N/A
#N/A,#N/A
#N/A,#N/A
#N/A,#N/A
#N/A,#N/A
#N/A,#N/A
#N/A,#N/A
#N/A,#N/A
#N/A,#N/A
#N/A,#N/A
#N/A,#N/A
#N/A,#N/A
#N/A,#N/A
#N/A,#N/A
#N/A,#N/A
#N/A,#N/A
#N/A,#N/A
#N/A,#N/A
#N/A,#N/A
#N/A,#N/A
#N/A,#N/A
#N/A,#N/A
#N/A,#N/A
#N/A,#N/A
#N/A,#N/A
#N/A,#N/A
#N/A,#N/A
#N/A,#N/A
#N/A,#N/A
#N/A,#N/A
#N/A,#N/A
#N/A,#N/A
#N/A,#N/A
#N/A,#N/A
#N/A,#N/A
#N/A,#N/A
#N/A,#N/A
#N/A,#N/A
#N/A,#N/A
#N/A,#N/A
#N/A,#N/A
#N/A,#N/A
#N/A,#N/A
#N/A,#N/A
#N/A,#N/A
#N/A,#N/A
#N/A,#N/A
#N/A,#N/A
#N/A,#N/A
#N/A,#N/A
#N/A,#N/A
#N/A,#N/A
#N/A,#N/A
#N/A,#N/A
#N/A,#N/A
#N/A,#N/A
#N/A,#N/A
#N/A,#N/A
#N/A,#N/A
#N/A,#N/A
#N/A,#N/A
#N/A,#N/A
#N/A,#N/A
#N/A,#N/A
#N/A,#N/A
#N/A,#N/A
#N/A,#N/A
#N/A,#N/A
#N/A,#N/A
#N/A,#N/A
#N/A,#N/A
#N/A,#N/A
#N/A,#N/A
#N/A,#N/A
#N/A,#N/A
#N/A,#N/A
#N/A,#N/A
#N/A,#N/A
#N/A,#N/A
#N/A,#N/A
#N/A,#N/A
#N/A,#N/A
#N/A,#N/A
#N/A,#N/A
#N/A,#N/A
#N/A,#N/A
#N/A,#N/A
#N/A,#N/A
#N/A,#N/A
#N/A,#N/A
#N/A,#N/A
#N/A,#N/A
#N/A,#N/A
#N/A,#N/A
#N/A,#N/A
#N/A,#N/A
#N/A,#N/A
#N/A,#N/A
#N/A,#N/A
#N/A,#N/A
#N/A,#N/A
#N/A,#N/A
#N/A,#N/A
#N/A,#N/A
#N/A,#N/A
#N/A,#N/A
#N/A,#N/A
#N/A,#N/A
#N/A,#N/A
#N/A,#N/A
#N/A,#N/A
#N/A,#N/A
#N/A,#N/A
#N/A,#N/A
#N/A,#N/A
#N/A,#N/A
#N/A,#N/A
#N/A,#N/A
#N/A,#N/A
#N/A,#N/A
#N/A,#N/A
#N/A,#N/A
#N/A,#N/A
#N/A,#N/A
#N/A,#N/A
#N/A,#N/A
#N/A,#N/A
#N/A,#N/A
#N/A,#N/A
#N/A,#N/A
#N/A,#N/A
#N/A,#N/A
#N/A,#N/A
#N/A,#N/A
#N/A,#N/A
#N/A,#N/A
#N/A,#N/A
#N/A,#N/A
#N/A,#N/A
#N/A,#N/A
#N/A,#N/A
#N/A,#N/A
#N/A,#N/A
#N/A,#N/A
#N/A,#N/A
#N/A,#N/A
#N/A,#N/A
#N/A,#N/A
#N/A,#N/A
#N/A,#N/A
#N/A,#N/A
#N/A,#N/A
#N/A,#N/A
#N/A,#N/A
#N/A,#N/A
#N/A,#N/A
#N/A,#N/A
#N/A,#N/A
#N/A,#N/A
#N/A,#N/A
#N/A,#N/A
#N/A,#N/A
#N/A,#N/A
#N/A,#N/A
#N/A,#N/A
#N/A,#N/A
#N/A,#N/A
#N/A,#N/A
#N/A,#N/A
#N/A,#N/A
#N/A,#N/A
#N/A,#N/A
#N/A,#N/A
#N/A,#N/A
#N/A,#N/A
#N/A,#N/A
#N/A,#N/A
#N/A,#N/A
#N/A,#N/A
#N/A,#N/A
#N/A,#N/A
#N/A,#N/A
#N/A,#N/A
#N/A,#N/A
#N/A,#N/A
#N/A,#N/A
#N/A,#N/A
#N/A,#N/A
#N/A,#N/A
#N/A,#N/A
#N/A,#N/A
#N/A,#N/A
#N/A,#N/A
#N/A,#N/A
#N/A,#N/A
#N/A,#N/A
#N/A,#N/A
#N/A,#N/A
#N/A,#N/A
#N/A,#N/A
#N/A,#N/A
#N/A,#N/A
#N/A,#N/A
#N/A,#N/A
#N/A,#N/A
#N/A,#N/A
#N/A,#N/A
#N/A,#N/A
#N/A,#N/A
#N/A,#N/A
#N/A,#N/A
